Año Comercial;Tramo segun ventas (5 tramos);Region del domicilio o casa matriz;Número de empresas;Ventas anuales en UF
2005;Pequeña;Región de Magallanes y de la Antártica Chilena;1.444;9.800.103
2005;Mediana;Región de Antofagasta;388;17.857.550
2005;Sin Ventas/Sin Información;Sin Información;2.734;0
2005;Pequeña;Región de Los Lagos;5.571;38.009.154
2005;Grande;Región de Atacama;55;84.260.476
2005;Grande;Región de Magallanes y de la Antártica Chilena;78;23.293.358
2005;Sin Ventas/Sin Información;Región de Magallanes y de la Antártica Chilena;1.530;0
2005;Grande;Región de Valparaíso;453;592.586.668
2005;Sin Ventas/Sin Información;Región de Atacama;2.234;0
2005;Pequeña;Región de Antofagasta;3.296;23.017.138
2005;Micro;Región de Antofagasta;16.614;8.369.308
2005;Mediana;Región de Los Lagos;615;29.638.896
2005;Mediana;Región de Magallanes y de la Antártica Chilena;181;8.771.233
2005;Pequeña;Región Metropolitana de Santiago;58.927;440.103.750
2005;Grande;Región de Ñuble;63;35.449.220
2005;Sin Ventas/Sin Información;Región de Los Ríos;2.628;0
2005;Micro;Región Metropolitana de Santiago;221.058;121.025.016
2005;Pequeña;Región de Ñuble;2.389;15.975.752
2005;Sin Ventas/Sin Información;Región de Ñuble;3.656;0
2005;Sin Ventas/Sin Información;Región del Maule;8.820;0
2005;Pequeña;Región del Biobío;8.543;60.972.980
2005;Micro;Región de Tarapacá;10.320;4.520.404
2005;Mediana;Región de La Araucanía;470;22.079.287
2005;Grande;Región de Los Lagos;262;170.983.912
2005;Micro;Región de Los Ríos;12.785;5.890.561
2005;Micro;Sin Información;546;0
2005;Micro;Región de Magallanes y de la Antártica Chilena;6.711;3.446.203
2005;Micro;Región de Ñuble;17.887;7.682.249
2005;Grande;Región Metropolitana de Santiago;6.233;7.889.700.304
2005;Sin Ventas/Sin Información;Región de Antofagasta;3.875;0
2005;Mediana;Región de Ñuble;257;11.529.219
2005;Sin Ventas/Sin Información;Región de Valparaíso;15.414;0
2005;Micro;Región del Biobío;45.091;21.699.326
2005;Grande;Región de Antofagasta;163;164.385.016
2005;Sin Ventas/Sin Información;Región Metropolitana de Santiago;62.511;0
2005;Sin Ventas/Sin Información;Región de Tarapacá;1.857;0
2005;Grande;Región de Los Ríos;72;36.133.762
2005;Mediana;Región de Valparaíso;1.279;61.373.489
2005;Mediana;Región de Tarapacá;440;21.912.662
2005;Grande;Región de La Araucanía;145;50.614.641
2005;Grande;Región del Maule;188;74.327.927
2005;Micro;Región de Arica y Parinacota;9.890;3.711.523
2005;Micro;Región del Libertador Gral. Bernardo O’Higgins;32.673;15.340.532
2005;Sin Ventas/Sin Información;Región de Los Lagos;5.899;0
2005;Micro;Región de Los Lagos;28.609;13.961.698
2005;Mediana;Región del Libertador Gral. Bernardo O’Higgins;590;27.665.900
2005;Micro;Región de Valparaíso;62.876;29.883.358
2005;Pequeña;Región de Valparaíso;11.006;75.778.199
2005;Mediana;Región del Biobío;1.054;51.062.508
2005;Pequeña;Región del Libertador Gral. Bernardo O’Higgins;5.429;36.680.948
2005;Sin Ventas/Sin Información;Región del Libertador Gral. Bernardo O’Higgins;6.464;0
2005;Sin Ventas/Sin Información;Región de La Araucanía;6.445;0
2005;Pequeña;Región de Coquimbo;3.416;23.294.602
2005;Pequeña;Región de Arica y Parinacota;1.081;7.126.995
2005;Grande;Región del Biobío;391;269.524.889
2005;Pequeña;Región de Tarapacá;1.918;14.821.964
2005;Mediana;Región Aisén del Gral.Carlos Ibáñez del Campo;64;3.228.310
2005;Grande;Región de Arica y Parinacota;36;12.470.316
2005;Grande;Región Aisén del Gral.Carlos Ibáñez del Campo;26;11.058.828
2005;Micro;Región Aisén del Gral.Carlos Ibáñez del Campo;4.405;1.918.946
2005;Micro;Región de La Araucanía;31.083;13.275.678
2005;Micro;Región de Coquimbo;23.526;10.434.504
2005;Mediana;Región de Coquimbo;411;19.430.968
2005;Sin Ventas/Sin Información;Región de Coquimbo;5.030;0
2005;Pequeña;Sin Información;4;0
2005;Mediana;Región Metropolitana de Santiago;10.571;517.613.030
2005;Grande;Región de Coquimbo;114;45.888.166
2005;Mediana;Región de Arica y Parinacota;100;4.586.707
2005;Sin Ventas/Sin Información;Región del Biobío;10.319;0
2005;Grande;Región del Libertador Gral. Bernardo O’Higgins;220;170.519.714
2005;Pequeña;Región de Atacama;1.597;11.106.740
2005;Sin Ventas/Sin Información;Región de Arica y Parinacota;1.715;0
2005;Pequeña;Región de Los Ríos;2.151;14.769.672
2005;Pequeña;Región Aisén del Gral.Carlos Ibáñez del Campo;667;0
2005;Pequeña;Región de La Araucanía;4.713;32.082.954
2005;Micro;Región de Atacama;9.120;4.116.391
2005;Mediana;Región de Atacama;164;7.735.809
2005;Micro;Región del Maule;44.550;18.436.016
2005;Pequeña;Región del Maule;6.159;41.437.114
2005;Grande;Región de Tarapacá;233;92.467.018
2005;Mediana;Región de Los Ríos;210;9.295.835
2005;Mediana;Región del Maule;592;27.942.828
2005;Sin Ventas/Sin Información;Región Aisén del Gral.Carlos Ibáñez del Campo;783;0
2006;Grande;Región de Los Ríos;68;35.784.124
2006;Pequeña;Región de Magallanes y de la Antártica Chilena;1.433;9.596.915
2006;Micro;Región de Tarapacá;10.744;4.752.643
2006;Grande;Región Metropolitana de Santiago;6.697;8.993.738.894
2006;Pequeña;Región del Biobío;8.914;63.332.150
2006;Sin Ventas/Sin Información;Región de Valparaíso;16.058;0
2006;Sin Ventas/Sin Información;Región de Arica y Parinacota;1.745;0
2006;Micro;Región del Maule;44.794;18.507.434
2006;Pequeña;Región de Los Lagos;5.940;41.009.360
2006;Grande;Región de Los Lagos;308;210.291.943
2006;Grande;Región de Antofagasta;169;258.626.346
2006;Micro;Región de Ñuble;18.211;7.732.470
2006;Sin Ventas/Sin Información;Región del Libertador Gral. Bernardo O’Higgins;6.611;0
2006;Pequeña;Región de Valparaíso;11.454;78.557.151
2006;Sin Ventas/Sin Información;Región de La Araucanía;6.713;0
2006;Mediana;Región Metropolitana de Santiago;11.019;537.172.732
2006;Pequeña;Región de Ñuble;2.386;15.957.915
2006;Micro;Región de Magallanes y de la Antártica Chilena;6.967;3.542.125
2006;Mediana;Región de Valparaíso;1.370;65.745.734
2006;Grande;Región de Ñuble;70;37.167.878
2006;Micro;Región del Libertador Gral. Bernardo O’Higgins;33.331;15.846.508
2006;Mediana;Región de Antofagasta;429;19.962.292
2006;Sin Ventas/Sin Información;Región de Ñuble;3.860;0
2006;Pequeña;Región de Antofagasta;3.551;25.418.080
2006;Grande;Región Aisén del Gral.Carlos Ibáñez del Campo;29;13.026.406
2006;Mediana;Región de Ñuble;265;12.284.249
2006;Sin Ventas/Sin Información;Región de Los Lagos;6.180;0
2006;Sin Ventas/Sin Información;Región de Los Ríos;2.655;0
2006;Sin Ventas/Sin Información;Región del Biobío;10.559;0
2006;Pequeña;Región Metropolitana de Santiago;62.154;466.053.881
2006;Grande;Región de Valparaíso;491;573.640.011
2006;Pequeña;Región de Arica y Parinacota;1.155;7.374.817
2006;Mediana;Región de Los Lagos;671;32.000.272
2006;Micro;Región de Antofagasta;16.994;8.658.792
2006;Micro;Región de La Araucanía;31.527;13.621.218
2006;Micro;Región de Valparaíso;63.178;30.173.005
2006;Mediana;Región de Coquimbo;424;19.904.830
2006;Micro;Región Metropolitana de Santiago;223.677;124.482.126
2006;Mediana;Región de La Araucanía;446;20.226.559
2006;Micro;Sin Información;347;*
2006;Sin Ventas/Sin Información;Región Metropolitana de Santiago;64.741;0
2006;Micro;Región de Coquimbo;23.917;10.719.849
2006;Sin Ventas/Sin Información;Región de Coquimbo;5.101;0
2006;Sin Ventas/Sin Información;Región de Antofagasta;3.803;0
2006;Pequeña;Región de Coquimbo;3.700;25.398.744
2006;Micro;Región de Los Lagos;28.916;14.443.815
2006;Grande;Región de Coquimbo;122;53.255.189
2006;Sin Ventas/Sin Información;Región del Maule;9.344;0
2006;Pequeña;Región Aisén del Gral.Carlos Ibáñez del Campo;708;*
2006;Mediana;Región del Biobío;1.148;54.671.236
2006;Sin Ventas/Sin Información;Región de Tarapacá;1.828;0
2006;Mediana;Región de Magallanes y de la Antártica Chilena;186;8.407.502
2006;Micro;Región de Los Ríos;13.076;6.114.755
2006;Grande;Región del Biobío;442;285.472.157
2006;Pequeña;Sin Información;3;*
2006;Grande;Región del Maule;217;88.048.138
2006;Micro;Región del Biobío;46.012;22.294.438
2006;Grande;Región de La Araucanía;160;122.970.060
2006;Pequeña;Región de Los Ríos;2.186;15.243.142
2006;Grande;Región de Arica y Parinacota;34;16.326.462
2006;Mediana;Región de Atacama;186;8.513.202
2006;Sin Ventas/Sin Información;Sin Información;1.637;0
2006;Mediana;Región de Arica y Parinacota;99;4.892.513
2006;Mediana;Región del Maule;622;29.642.728
2006;Grande;Región de Magallanes y de la Antártica Chilena;86;25.008.849
2006;Pequeña;Región de Tarapacá;2.002;15.619.758
2006;Micro;Región Aisén del Gral.Carlos Ibáñez del Campo;4.511;2.023.133
2006;Grande;Región de Atacama;62;94.013.912
2006;Sin Ventas/Sin Información;Región Aisén del Gral.Carlos Ibáñez del Campo;797;0
2006;Grande;Región de Tarapacá;248;121.387.359
2006;Pequeña;Región del Maule;6.198;42.184.437
2006;Pequeña;Región de La Araucanía;4.823;33.159.592
2006;Pequeña;Región de Atacama;1.708;11.896.163
2006;Sin Ventas/Sin Información;Región de Atacama;2.335;0
2006;Micro;Región de Atacama;9.333;4.240.385
2006;Pequeña;Región del Libertador Gral. Bernardo O’Higgins;5.656;38.298.423
2006;Mediana;Región del Libertador Gral. Bernardo O’Higgins;608;29.084.139
2006;Sin Ventas/Sin Información;Región de Magallanes y de la Antártica Chilena;1.604;0
2006;Mediana;Región de Tarapacá;478;23.748.418
2006;Mediana;Región Aisén del Gral.Carlos Ibáñez del Campo;65;3.146.077
2006;Grande;Región del Libertador Gral. Bernardo O’Higgins;233;205.358.991
2006;Micro;Región de Arica y Parinacota;9.960;3.713.789
2006;Mediana;Región de Los Ríos;227;10.197.564
2007;Sin Ventas/Sin Información;Región de Ñuble;3.927;0
2007;Sin Ventas/Sin Información;Región de Valparaíso;15.755;0
2007;Grande;Región del Biobío;462;294.447.276
2007;Mediana;Región Metropolitana de Santiago;11.627;567.534.481
2007;Sin Ventas/Sin Información;Región de Los Lagos;6.188;0
2007;Mediana;Región de Antofagasta;485;22.392.132
2007;Micro;Región Metropolitana de Santiago;223.908;126.785.232
2007;Grande;Región de Ñuble;89;41.142.501
2007;Mediana;Región del Biobío;1.246;59.726.024
2007;Pequeña;Sin Información;3;*
2007;Pequeña;Región Metropolitana de Santiago;64.838;489.247.984
2007;Mediana;Región de Valparaíso;1.466;70.824.836
2007;Micro;Sin Información;446;*
2007;Sin Ventas/Sin Información;Sin Información;1.288;0
2007;Sin Ventas/Sin Información;Región de Tarapacá;1.771;0
2007;Grande;Región de Tarapacá;268;121.995.989
2007;Pequeña;Región de Tarapacá;2.134;16.369.844
2007;Micro;Región de Ñuble;18.052;7.728.551
2007;Grande;Región Metropolitana de Santiago;7.143;9.391.219.943
2007;Sin Ventas/Sin Información;Región Metropolitana de Santiago;65.687;0
2007;Pequeña;Región de Ñuble;2.634;17.927.233
2007;Micro;Región de Tarapacá;11.045;4.822.317
2007;Mediana;Región de Tarapacá;504;25.668.701
2007;Sin Ventas/Sin Información;Región de Antofagasta;3.771;0
2007;Pequeña;Región de Valparaíso;12.060;83.556.676
2007;Grande;Región de Valparaíso;541;635.850.106
2007;Micro;Región de Antofagasta;16.884;8.784.544
2007;Pequeña;Región de Antofagasta;3.855;27.511.869
2007;Mediana;Región de Ñuble;279;13.327.331
2007;Micro;Región de Magallanes y de la Antártica Chilena;7.028;3.630.239
2007;Grande;Región de Antofagasta;193;269.179.265
2007;Mediana;Región de Magallanes y de la Antártica Chilena;180;8.087.097
2007;Grande;Región de Magallanes y de la Antártica Chilena;91;32.428.507
2007;Pequeña;Región de Magallanes y de la Antártica Chilena;1.528;10.285.615
2007;Sin Ventas/Sin Información;Región de Magallanes y de la Antártica Chilena;1.590;0
2007;Sin Ventas/Sin Información;Región de Atacama;2.217;0
2007;Grande;Región de Atacama;69;97.296.953
2007;Mediana;Región de Atacama;222;10.028.839
2007;Sin Ventas/Sin Información;Región del Biobío;10.559;0
2007;Micro;Región Aisén del Gral.Carlos Ibáñez del Campo;4.744;2.135.411
2007;Grande;Región Aisén del Gral.Carlos Ibáñez del Campo;28;14.159.481
2007;Pequeña;Región de Atacama;1.867;13.042.102
2007;Sin Ventas/Sin Información;Región Aisén del Gral.Carlos Ibáñez del Campo;802;0
2007;Pequeña;Región Aisén del Gral.Carlos Ibáñez del Campo;743;*
2007;Micro;Región de Atacama;9.508;4.511.845
2007;Mediana;Región Aisén del Gral.Carlos Ibáñez del Campo;82;3.813.124
2007;Mediana;Región de Los Lagos;779;35.962.404
2007;Grande;Región de Coquimbo;145;67.353.300
2007;Micro;Región de Coquimbo;24.536;10.940.033
2007;Mediana;Región de Coquimbo;444;20.715.817
2007;Micro;Región de Los Lagos;29.384;14.898.619
2007;Pequeña;Región de Coquimbo;3.936;27.009.573
2007;Pequeña;Región del Libertador Gral. Bernardo O’Higgins;6.062;41.481.034
2007;Pequeña;Región del Biobío;9.403;67.099.239
2007;Grande;Región de Los Lagos;352;219.177.928
2007;Pequeña;Región de Los Lagos;6.458;45.454.660
2007;Micro;Región de Valparaíso;63.265;30.653.642
2007;Grande;Región de Arica y Parinacota;40;19.219.033
2007;Sin Ventas/Sin Información;Región de Coquimbo;4.885;0
2007;Pequeña;Región de Arica y Parinacota;1.173;7.758.278
2007;Sin Ventas/Sin Información;Región de Arica y Parinacota;1.679;0
2007;Grande;Región del Libertador Gral. Bernardo O’Higgins;270;214.648.465
2007;Micro;Región de La Araucanía;31.644;13.868.013
2007;Mediana;Región de Arica y Parinacota;108;4.883.752
2007;Micro;Región de Arica y Parinacota;10.091;3.949.797
2007;Sin Ventas/Sin Información;Región del Libertador Gral. Bernardo O’Higgins;6.780;0
2007;Sin Ventas/Sin Información;Región de La Araucanía;6.801;0
2007;Micro;Región del Libertador Gral. Bernardo O’Higgins;33.224;16.133.214
2007;Mediana;Región del Libertador Gral. Bernardo O’Higgins;637;29.811.628
2007;Micro;Región del Maule;44.964;19.064.851
2007;Pequeña;Región de La Araucanía;5.109;35.251.837
2007;Grande;Región del Maule;243;101.240.922
2007;Mediana;Región del Maule;680;31.796.325
2007;Pequeña;Región del Maule;6.652;45.025.779
2007;Mediana;Región de Los Ríos;284;12.627.504
2007;Grande;Región de Los Ríos;75;42.442.891
2007;Mediana;Región de La Araucanía;511;23.734.978
2007;Pequeña;Región de Los Ríos;2.310;16.136.712
2007;Grande;Región de La Araucanía;171;67.347.194
2007;Sin Ventas/Sin Información;Región de Los Ríos;2.661;0
2007;Micro;Región de Los Ríos;13.131;6.224.882
2007;Sin Ventas/Sin Información;Región del Maule;9.471;0
2007;Micro;Región del Biobío;46.678;22.966.062
2008;Grande;Región de Tarapacá;305;166.329.544
2008;Pequeña;Región de Ñuble;2.775;18.888.179
2008;Grande;Región de Valparaíso;549;818.052.105
2008;Sin Ventas/Sin Información;Sin Información;1.104;0
2008;Sin Ventas/Sin Información;Región de Valparaíso;15.857;0
2008;Micro;Región Aisén del Gral.Carlos Ibáñez del Campo;4.862;2.261.474
2008;Mediana;Región de Los Lagos;804;37.542.536
2008;Micro;Región del Maule;45.229;20.067.569
2008;Micro;Región de Antofagasta;17.107;9.165.516
2008;Pequeña;Región de Magallanes y de la Antártica Chilena;1.581;10.742.419
2008;Grande;Región de Ñuble;93;39.197.470
2008;Pequeña;Región de Valparaíso;12.359;86.806.180
2008;Mediana;Región de Magallanes y de la Antártica Chilena;179;8.285.927
2008;Sin Ventas/Sin Información;Región de Atacama;2.125;0
2008;Mediana;Región del Biobío;1.256;59.806.084
2008;Grande;Región de Magallanes y de la Antártica Chilena;97;34.263.016
2008;Sin Ventas/Sin Información;Región de Los Ríos;2.636;0
2008;Micro;Región del Biobío;47.035;23.242.524
2008;Micro;Región de Magallanes y de la Antártica Chilena;7.128;3.804.081
2008;Pequeña;Región de Antofagasta;4.147;30.200.888
2008;Mediana;Región de Antofagasta;558;25.749.388
2008;Mediana;Región de Ñuble;282;13.037.818
2008;Mediana;Región de Atacama;241;11.260.027
2008;Grande;Región de Arica y Parinacota;40;21.109.367
2008;Mediana;Región de Tarapacá;551;27.854.306
2008;Micro;Región de Arica y Parinacota;10.095;4.015.400
2008;Micro;Región de Valparaíso;63.139;30.918.578
2008;Pequeña;Región de Los Lagos;6.760;48.110.376
2008;Sin Ventas/Sin Información;Región de Antofagasta;3.690;0
2008;Micro;Sin Información;519;66.562
2008;Mediana;Región de Valparaíso;1.539;74.762.557
2008;Micro;Región de Tarapacá;11.050;5.044.464
2008;Pequeña;Región del Maule;7.195;49.720.935
2008;Pequeña;Región de La Araucanía;5.445;37.775.758
2008;Sin Ventas/Sin Información;Región de Magallanes y de la Antártica Chilena;1.584;0
2008;Sin Ventas/Sin Información;Región de Ñuble;3.701;0
2008;Pequeña;Región del Libertador Gral. Bernardo O’Higgins;6.418;43.423.952
2008;Micro;Región de Ñuble;18.118;8.003.963
2008;Micro;Región de Los Lagos;30.393;15.421.123
2008;Mediana;Región del Libertador Gral. Bernardo O’Higgins;705;33.927.101
2008;Pequeña;Región de Atacama;2.050;14.528.751
2008;Mediana;Región del Maule;760;35.289.884
2008;Sin Ventas/Sin Información;Región del Biobío;10.556;0
2008;Pequeña;Región de Tarapacá;2.290;17.903.948
2008;Grande;Región de Atacama;75;120.407.166
2008;Micro;Región de Atacama;9.525;4.647.834
2008;Micro;Región de Los Ríos;13.169;6.296.511
2008;Grande;Región Metropolitana de Santiago;7.286;11.285.751.703
2008;Sin Ventas/Sin Información;Región de Coquimbo;4.781;0
2008;Sin Ventas/Sin Información;Región Aisén del Gral.Carlos Ibáñez del Campo;732;0
2008;Pequeña;Región Metropolitana de Santiago;66.823;504.892.992
2008;Mediana;Región de Los Ríos;271;12.528.497
2008;Sin Ventas/Sin Información;Región de Tarapacá;1.724;0
2008;Micro;Región Metropolitana de Santiago;226.497;128.778.500
2008;Pequeña;Región Aisén del Gral.Carlos Ibáñez del Campo;804;5.527.650
2008;Sin Ventas/Sin Información;Región del Libertador Gral. Bernardo O’Higgins;6.769;0
2008;Grande;Región de Antofagasta;206;276.956.275
2008;Grande;Región de Coquimbo;161;77.693.386
2008;Pequeña;Región de Los Ríos;2.469;17.473.822
2008;Mediana;Región de Arica y Parinacota;112;5.176.221
2008;Grande;Región del Libertador Gral. Bernardo O’Higgins;272;256.028.456
2008;Micro;Región de Coquimbo;24.958;11.320.167
2008;Pequeña;Sin Información;47;361.594
2008;Sin Ventas/Sin Información;Región de La Araucanía;6.560;0
2008;Mediana;Región Metropolitana de Santiago;12.266;595.721.756
2008;Mediana;Región Aisén del Gral.Carlos Ibáñez del Campo;83;3.910.560
2008;Pequeña;Región de Arica y Parinacota;1.253;8.343.532
2008;Sin Ventas/Sin Información;Región Metropolitana de Santiago;66.594;0
2008;Mediana;Región de Coquimbo;474;22.236.204
2008;Micro;Región del Libertador Gral. Bernardo O’Higgins;33.659;16.677.580
2008;Grande;Región Aisén del Gral.Carlos Ibáñez del Campo;29;17.198.628
2008;Mediana;Región de La Araucanía;570;26.471.422
2008;Micro;Región de La Araucanía;31.659;14.173.580
2008;Pequeña;Región de Coquimbo;4.078;27.685.259
2008;Grande;Región del Biobío;488;342.358.656
2008;Pequeña;Región del Biobío;9.695;70.060.941
2008;Grande;Región de La Araucanía;182;70.030.477
2008;Sin Ventas/Sin Información;Región de Arica y Parinacota;1.740;0
2008;Sin Ventas/Sin Información;Región de Los Lagos;6.236;0
2008;Grande;Región del Maule;260;111.227.032
2008;Sin Ventas/Sin Información;Región del Maule;9.283;0
2008;Grande;Región de Los Ríos;84;49.094.831
2008;Grande;Región de Los Lagos;357;230.049.843
2009;Pequeña;Región de Los Lagos;6.349;43.692.629
2009;Micro;Región de Valparaíso;62.693;30.880.215
2009;Grande;Región de Ñuble;80;31.174.900
2009;Pequeña;Región de Ñuble;2.704;18.389.560
2009;Sin Ventas/Sin Información;Región de Ñuble;3.806;0
2009;Pequeña;Región de Valparaíso;12.557;88.145.946
2009;Mediana;Región de Los Lagos;713;33.873.302
2009;Micro;Región de Los Lagos;32.192;15.563.990
2009;Mediana;Región de Antofagasta;547;25.824.427
2009;Grande;Región de Los Lagos;299;186.836.283
2009;Grande;Región de La Araucanía;174;68.334.411
2009;Micro;Región de Magallanes y de la Antártica Chilena;7.270;3.858.754
2009;Mediana;Región de Ñuble;281;13.458.365
2009;Micro;Región de Ñuble;18.256;7.997.525
2009;Mediana;Región de Valparaíso;1.528;75.175.340
2009;Sin Ventas/Sin Información;Región de Los Lagos;6.815;0
2009;Micro;Región de Antofagasta;17.297;9.448.656
2009;Grande;Región de Los Ríos;82;45.405.378
2009;Grande;Región de Arica y Parinacota;44;23.729.632
2009;Pequeña;Región del Libertador Gral. Bernardo O’Higgins;6.367;43.131.845
2009;Grande;Región del Biobío;448;294.761.268
2009;Mediana;Región del Maule;747;34.750.038
2009;Micro;Sin Información;722;239.003
2009;Micro;Región Metropolitana de Santiago;228.446;130.715.831
2009;Grande;Región de Tarapacá;303;175.803.601
2009;Grande;Sin Información;6;*
2009;Micro;Región de Los Ríos;13.501;6.364.378
2009;Sin Ventas/Sin Información;Región de Antofagasta;3.701;0
2009;Pequeña;Región Metropolitana de Santiago;67.585;507.738.851
2009;Mediana;Región de Los Ríos;240;10.823.198
2009;Sin Ventas/Sin Información;Región de La Araucanía;6.947;0
2009;Sin Ventas/Sin Información;Región de Los Ríos;2.690;0
2009;Sin Ventas/Sin Información;Región de Tarapacá;1.774;0
2009;Pequeña;Región de Antofagasta;4.223;30.453.117
2009;Grande;Región del Maule;245;123.476.975
2009;Mediana;Región de La Araucanía;549;25.329.857
2009;Mediana;Región del Biobío;1.239;58.534.753
2009;Grande;Región de Antofagasta;207;254.693.783
2009;Pequeña;Región del Maule;7.113;47.986.100
2009;Sin Ventas/Sin Información;Región del Maule;9.641;0
2009;Sin Ventas/Sin Información;Región del Biobío;10.805;0
2009;Micro;Región del Maule;45.423;20.173.406
2009;Pequeña;Región de Magallanes y de la Antártica Chilena;1.605;10.853.112
2009;Grande;Región de Magallanes y de la Antártica Chilena;93;33.531.317
2009;Grande;Región de Atacama;69;94.767.463
2009;Pequeña;Región Aisén del Gral.Carlos Ibáñez del Campo;821;5.758.100
2009;Grande;Región de Coquimbo;171;67.723.119
2009;Mediana;Región de Arica y Parinacota;122;5.488.038
2009;Micro;Región del Biobío;47.400;23.420.079
2009;Sin Ventas/Sin Información;Región Aisén del Gral.Carlos Ibáñez del Campo;766;0
2009;Mediana;Región Metropolitana de Santiago;12.078;587.385.127
2009;Micro;Región del Libertador Gral. Bernardo O’Higgins;33.959;16.689.610
2009;Micro;Región Aisén del Gral.Carlos Ibáñez del Campo;4.972;2.295.638
2009;Pequeña;Región de Atacama;1.918;13.343.821
2009;Sin Ventas/Sin Información;Región de Magallanes y de la Antártica Chilena;1.613;0
2009;Grande;Región Metropolitana de Santiago;7.168;9.987.824.655
2009;Sin Ventas/Sin Información;Región de Arica y Parinacota;1.752;0
2009;Micro;Región de Atacama;9.711;4.659.559
2009;Pequeña;Región de Arica y Parinacota;1.378;9.046.568
2009;Mediana;Sin Información;15;*
2009;Mediana;Región Aisén del Gral.Carlos Ibáñez del Campo;77;3.724.920
2009;Mediana;Región de Coquimbo;460;21.647.720
2009;Micro;Región de Arica y Parinacota;10.002;4.087.574
2009;Pequeña;Región del Biobío;9.771;70.096.926
2009;Mediana;Región de Magallanes y de la Antártica Chilena;184;8.809.174
2009;Micro;Región de Coquimbo;25.011;11.465.227
2009;Grande;Región Aisén del Gral.Carlos Ibáñez del Campo;26;*
2009;Pequeña;Región de Coquimbo;4.194;28.760.199
2009;Pequeña;Región de La Araucanía;5.441;36.975.990
2009;Mediana;Región de Atacama;227;10.986.323
2009;Pequeña;Región de Tarapacá;2.494;19.372.192
2009;Pequeña;Sin Información;218;1.714.424
2009;Micro;Región de La Araucanía;31.545;14.160.266
2009;Pequeña;Región de Los Ríos;2.416;16.440.559
2009;Sin Ventas/Sin Información;Región Metropolitana de Santiago;70.965;0
2009;Sin Ventas/Sin Información;Región de Coquimbo;4.845;0
2009;Sin Ventas/Sin Información;Región de Valparaíso;16.158;0
2009;Sin Ventas/Sin Información;Sin Información;1.927;0
2009;Sin Ventas/Sin Información;Región del Libertador Gral. Bernardo O’Higgins;7.176;0
2009;Mediana;Región de Tarapacá;579;29.382.601
2009;Sin Ventas/Sin Información;Región de Atacama;2.144;0
2009;Mediana;Región del Libertador Gral. Bernardo O’Higgins;669;32.143.439
2009;Grande;Región de Valparaíso;575;569.262.412
2009;Grande;Región del Libertador Gral. Bernardo O’Higgins;261;229.300.106
2009;Micro;Región de Tarapacá;11.063;5.182.673
2010;Mediana;Sin Información;2;*
2010;Sin Ventas/Sin Información;Región del Maule;9.795;0
2010;Sin Ventas/Sin Información;Región de Magallanes y de la Antártica Chilena;1.598;0
2010;Mediana;Región del Biobío;1.359;63.826.433
2010;Mediana;Región de Atacama;273;12.715.741
2010;Grande;Región de Antofagasta;232;293.275.603
2010;Pequeña;Región de Magallanes y de la Antártica Chilena;1.699;11.913.000
2010;Pequeña;Sin Información;261;*
2010;Micro;Región del Biobío;47.546;23.929.861
2010;Micro;Región de Arica y Parinacota;10.166;4.281.646
2010;Pequeña;Región de Atacama;2.173;15.273.325
2010;Pequeña;Región Metropolitana de Santiago;73.299;555.105.987
2010;Micro;Región de Magallanes y de la Antártica Chilena;7.271;3.916.262
2010;Pequeña;Región de Antofagasta;4.612;33.631.960
2010;Grande;Región de Tarapacá;352;149.060.889
2010;Mediana;Región de Arica y Parinacota;129;5.568.295
2010;Micro;Región Aisén del Gral.Carlos Ibáñez del Campo;5.084;2.300.332
2010;Grande;Región de Magallanes y de la Antártica Chilena;98;36.514.272
2010;Mediana;Región de La Araucanía;615;28.285.398
2010;Mediana;Región de Antofagasta;615;28.359.107
2010;Grande;Región de Coquimbo;185;106.503.782
2010;Mediana;Región Metropolitana de Santiago;13.242;642.722.318
2010;Micro;Región de Los Lagos;32.898;16.106.172
2010;Grande;Región de Los Lagos;321;207.261.846
2010;Grande;Región de Ñuble;84;32.273.838
2010;Pequeña;Región Aisén del Gral.Carlos Ibáñez del Campo;897;6.012.806
2010;Mediana;Región de Ñuble;309;14.553.097
2010;Grande;Región de Arica y Parinacota;51;28.193.013
2010;Sin Ventas/Sin Información;Región de Coquimbo;4.821;0
2010;Grande;Región de Los Ríos;74;48.682.745
2010;Sin Ventas/Sin Información;Región de Arica y Parinacota;1.782;0
2010;Grande;Región de Valparaíso;641;680.593.898
2010;Micro;Región del Maule;45.229;20.669.019
2010;Micro;Región de Atacama;9.661;4.798.861
2010;Sin Ventas/Sin Información;Región de Los Lagos;6.691;0
2010;Pequeña;Región de Valparaíso;13.494;95.748.128
2010;Grande;Región del Biobío;463;300.851.454
2010;Micro;Sin Información;663;272.775
2010;Pequeña;Región del Biobío;10.389;76.080.792
2010;Pequeña;Región de Ñuble;3.025;20.839.872
2010;Micro;Región de Valparaíso;62.934;32.039.913
2010;Micro;Región de Ñuble;18.337;8.419.644
2010;Grande;Región de Atacama;89;94.867.932
2010;Mediana;Región de Los Lagos;755;34.402.927
2010;Micro;Región del Libertador Gral. Bernardo O’Higgins;34.302;17.204.988
2010;Micro;Región Metropolitana de Santiago;229.457;134.646.698
2010;Sin Ventas/Sin Información;Región del Libertador Gral. Bernardo O’Higgins;7.019;0
2010;Mediana;Región del Libertador Gral. Bernardo O’Higgins;747;36.555.290
2010;Pequeña;Región de Arica y Parinacota;1.484;9.793.139
2010;Sin Ventas/Sin Información;Región Aisén del Gral.Carlos Ibáñez del Campo;772;0
2010;Pequeña;Región del Libertador Gral. Bernardo O’Higgins;6.933;47.644.093
2010;Pequeña;Región de Los Ríos;2.596;17.729.364
2010;Mediana;Región de Coquimbo;541;25.387.226
2010;Sin Ventas/Sin Información;Región de Antofagasta;3.694;0
2010;Sin Ventas/Sin Información;Sin Información;1.837;0
2010;Micro;Región de Tarapacá;11.258;5.399.055
2010;Grande;Región Metropolitana de Santiago;7.845;10.993.738.425
2010;Sin Ventas/Sin Información;Región de Atacama;2.125;0
2010;Sin Ventas/Sin Información;Región Metropolitana de Santiago;71.921;0
2010;Sin Ventas/Sin Información;Región de Tarapacá;1.733;0
2010;Sin Ventas/Sin Información;Región de Ñuble;3.755;0
2010;Pequeña;Región de La Araucanía;5.935;40.997.420
2010;Sin Ventas/Sin Información;Región del Biobío;11.051;0
2010;Pequeña;Región de Coquimbo;4.641;32.148.356
2010;Mediana;Región Aisén del Gral.Carlos Ibáñez del Campo;85;*
2010;Pequeña;Región de Los Lagos;6.738;47.127.070
2010;Mediana;Región de Tarapacá;605;31.014.256
2010;Sin Ventas/Sin Información;Región de Los Ríos;2.690;0
2010;Pequeña;Región del Maule;7.845;53.932.894
2010;Grande;Región del Maule;285;112.238.262
2010;Grande;Región Aisén del Gral.Carlos Ibáñez del Campo;28;*
2010;Micro;Región de Los Ríos;13.739;6.597.245
2010;Pequeña;Región de Tarapacá;2.681;21.027.913
2010;Sin Ventas/Sin Información;Región de Valparaíso;15.804;0
2010;Micro;Región de La Araucanía;31.770;14.636.617
2010;Mediana;Región de Los Ríos;272;11.948.413
2010;Grande;Región de La Araucanía;188;69.804.775
2010;Grande;Sin Información;5;*
2010;Micro;Región de Antofagasta;17.338;9.809.545
2010;Sin Ventas/Sin Información;Región de La Araucanía;6.742;0
2010;Grande;Región del Libertador Gral. Bernardo O’Higgins;280;211.478.914
2010;Mediana;Región del Maule;798;37.474.241
2010;Mediana;Región de Magallanes y de la Antártica Chilena;174;8.541.752
2010;Mediana;Región de Valparaíso;1.692;82.149.917
2010;Micro;Región de Coquimbo;25.212;12.042.200
2011;Micro;Región de Arica y Parinacota;10.401;4.373.353
2011;Mediana;Región de Los Lagos;866;40.551.177
2011;Grande;Región de Los Lagos;360;328.181.415
2011;Sin Ventas/Sin Información;Región de Los Lagos;7.056;0
2011;Pequeña;Región de Arica y Parinacota;1.623;10.921.562
2011;Sin Ventas/Sin Información;Región de La Araucanía;6.820;0
2011;Micro;Región de La Araucanía;32.436;15.371.278
2011;Mediana;Región de Arica y Parinacota;136;6.287.022
2011;Pequeña;Región de La Araucanía;6.365;44.598.972
2011;Mediana;Región de La Araucanía;679;31.539.473
2011;Grande;Región de La Araucanía;221;81.212.743
2011;Grande;Región del Biobío;525;493.386.431
2011;Sin Ventas/Sin Información;Región del Biobío;11.189;0
2011;Mediana;Región de Los Ríos;289;12.826.932
2011;Micro;Región del Biobío;48.611;25.173.167
2011;Mediana;Región del Biobío;1.497;70.003.961
2011;Grande;Región de Los Ríos;84;63.352.946
2011;Grande;Región de Ñuble;88;35.006.693
2011;Pequeña;Región del Biobío;11.324;82.419.580
2011;Pequeña;Región del Maule;8.679;60.251.611
2011;Sin Ventas/Sin Información;Región del Maule;9.904;0
2011;Mediana;Región del Maule;867;40.074.488
2011;Micro;Región del Maule;45.323;21.576.679
2011;Mediana;Región de Ñuble;360;16.978.227
2011;Grande;Región del Maule;305;136.712.199
2011;Mediana;Región del Libertador Gral. Bernardo O’Higgins;769;36.963.675
2011;Micro;Región del Libertador Gral. Bernardo O’Higgins;34.778;18.025.654
2011;Pequeña;Región de Ñuble;3.280;22.434.775
2011;Sin Ventas/Sin Información;Región de Los Ríos;2.674;0
2011;Pequeña;Región del Libertador Gral. Bernardo O’Higgins;7.515;52.721.688
2011;Sin Ventas/Sin Información;Región del Libertador Gral. Bernardo O’Higgins;7.287;0
2011;Grande;Región del Libertador Gral. Bernardo O’Higgins;317;268.129.338
2011;Sin Ventas/Sin Información;Región de Valparaíso;16.236;0
2011;Mediana;Región de Valparaíso;1.782;86.039.894
2011;Micro;Región de Valparaíso;63.521;33.132.987
2011;Pequeña;Región de Valparaíso;14.569;102.564.176
2011;Micro;Región de Ñuble;18.651;8.823.100
2011;Pequeña;Región de Los Ríos;2.745;18.873.823
2011;Sin Ventas/Sin Información;Región de Ñuble;3.808;0
2011;Grande;Región de Valparaíso;714;964.029.159
2011;Pequeña;Región de Coquimbo;5.242;36.273.214
2011;Mediana;Región de Coquimbo;616;29.966.951
2011;Micro;Región de Coquimbo;25.316;12.699.342
2011;Sin Ventas/Sin Información;Región de Coquimbo;4.881;0
2011;Grande;Región de Coquimbo;208;135.535.263
2011;Pequeña;Región de Atacama;2.430;17.239.302
2011;Mediana;Región de Atacama;303;14.368.745
2011;Micro;Región de Atacama;9.801;5.111.754
2011;Micro;Región de Los Ríos;14.250;7.031.154
2011;Sin Ventas/Sin Información;Región de Atacama;2.124;0
2011;Grande;Región de Atacama;106;124.384.423
2011;Sin Ventas/Sin Información;Región de Antofagasta;3.699;0
2011;Mediana;Región de Antofagasta;726;33.915.035
2011;Micro;Región de Antofagasta;17.723;10.370.964
2011;Pequeña;Región de Antofagasta;5.065;36.644.808
2011;Grande;Región de Antofagasta;257;476.727.609
2011;Pequeña;Región de Tarapacá;2.928;23.458.249
2011;Sin Ventas/Sin Información;Región de Tarapacá;1.826;0
2011;Mediana;Región de Tarapacá;651;33.482.316
2011;Grande;Región de Tarapacá;372;156.469.253
2011;Micro;Región de Tarapacá;11.481;5.690.862
2011;Mediana;Sin Información;12;*
2011;Micro;Sin Información;680;287.495
2011;Sin Ventas/Sin Información;Región de Arica y Parinacota;1.792;0
2011;Pequeña;Sin Información;206;1.630.088
2011;Sin Ventas/Sin Información;Sin Información;1.824;0
2011;Grande;Sin Información;8;*
2011;Pequeña;Región Metropolitana de Santiago;78.670;594.300.245
2011;Grande;Región Metropolitana de Santiago;8.451;12.320.514.742
2011;Micro;Región Metropolitana de Santiago;235.310;140.809.367
2011;Sin Ventas/Sin Información;Región Metropolitana de Santiago;73.341;0
2011;Mediana;Región Metropolitana de Santiago;14.219;694.936.675
2011;Sin Ventas/Sin Información;Región de Magallanes y de la Antártica Chilena;1.541;0
2011;Mediana;Región de Magallanes y de la Antártica Chilena;187;8.298.421
2011;Micro;Región de Magallanes y de la Antártica Chilena;7.353;4.004.476
2011;Grande;Región de Arica y Parinacota;46;28.525.851
2011;Pequeña;Región de Magallanes y de la Antártica Chilena;1.830;12.691.538
2011;Grande;Región de Magallanes y de la Antártica Chilena;111;43.032.504
2011;Sin Ventas/Sin Información;Región Aisén del Gral.Carlos Ibáñez del Campo;794;0
2011;Micro;Región Aisén del Gral.Carlos Ibáñez del Campo;5.195;2.544.630
2011;Grande;Región Aisén del Gral.Carlos Ibáñez del Campo;27;*
2011;Pequeña;Región Aisén del Gral.Carlos Ibáñez del Campo;961;6.491.057
2011;Mediana;Región Aisén del Gral.Carlos Ibáñez del Campo;98;4.587.361
2011;Micro;Región de Los Lagos;33.122;16.792.833
2011;Pequeña;Región de Los Lagos;7.398;51.693.239
2012;Grande;Región de Arica y Parinacota;45;34.776.881
2012;Pequeña;Región Metropolitana de Santiago;83.846;633.852.678
2012;Mediana;Sin Información;14;640.297
2012;Grande;Región del Maule;310;141.805.747
2012;Micro;Región de Antofagasta;18.060;10.950.511
2012;Sin Ventas/Sin Información;Sin Información;1.595;0
2012;Micro;Sin Información;531;240.288
2012;Micro;Región Metropolitana de Santiago;241.071;147.764.659
2012;Sin Ventas/Sin Información;Región de Ñuble;3.845;0
2012;Grande;Región de La Araucanía;233;86.783.700
2012;Micro;Región de Valparaíso;64.196;34.080.013
2012;Grande;Región del Libertador Gral. Bernardo O’Higgins;335;281.243.399
2012;Grande;Sin Información;12;8.780.587
2012;Grande;Región de Ñuble;104;148.759.245
2012;Grande;Región Metropolitana de Santiago;8.874;12.365.788.592
2012;Mediana;Región de Ñuble;402;18.639.826
2012;Pequeña;Región de Tarapacá;3.082;24.757.268
2012;Micro;Región de Coquimbo;25.463;13.253.597
2012;Grande;Región de Tarapacá;374;167.342.534
2012;Sin Ventas/Sin Información;Región de Tarapacá;1.877;0
2012;Pequeña;Región de Magallanes y de la Antártica Chilena;1.921;13.453.198
2012;Micro;Región de Tarapacá;11.686;6.060.360
2012;Micro;Región de Magallanes y de la Antártica Chilena;7.446;4.203.621
2012;Grande;Región de Antofagasta;295;279.769.487
2012;Sin Ventas/Sin Información;Región de Antofagasta;3.801;0
2012;Mediana;Región de Tarapacá;751;37.993.258
2012;Mediana;Región de Magallanes y de la Antártica Chilena;210;10.319.730
2012;Mediana;Región de Los Ríos;307;13.940.503
2012;Grande;Región de Magallanes y de la Antártica Chilena;108;49.352.327
2012;Micro;Región de Ñuble;19.042;9.150.129
2012;Micro;Región de La Araucanía;32.603;15.886.320
2012;Pequeña;Región de Ñuble;3.476;23.996.475
2012;Pequeña;Región de Atacama;2.654;18.619.965
2012;Pequeña;Región de Antofagasta;5.605;41.057.507
2012;Grande;Región de Los Ríos;94;68.917.878
2012;Sin Ventas/Sin Información;Región de Coquimbo;5.000;0
2012;Sin Ventas/Sin Información;Región de Los Ríos;2.782;0
2012;Pequeña;Región de Los Ríos;2.944;20.282.957
2012;Grande;Región Aisén del Gral.Carlos Ibáñez del Campo;26;14.374.411
2012;Sin Ventas/Sin Información;Región de Magallanes y de la Antártica Chilena;1.523;0
2012;Mediana;Región de La Araucanía;748;34.598.005
2012;Grande;Región de Valparaíso;725;750.746.584
2012;Sin Ventas/Sin Información;Región Metropolitana de Santiago;76.689;0
2012;Micro;Región del Biobío;50.114;26.422.926
2012;Grande;Región de Coquimbo;234;126.194.795
2012;Grande;Región de Los Lagos;371;264.644.739
2012;Sin Ventas/Sin Información;Región del Libertador Gral. Bernardo O’Higgins;7.633;0
2012;Mediana;Región de Coquimbo;665;31.761.191
2012;Mediana;Región del Biobío;1.534;70.799.899
2012;Mediana;Región de Valparaíso;1.928;92.208.237
2012;Sin Ventas/Sin Información;Región de Los Lagos;7.177;0
2012;Micro;Región Aisén del Gral.Carlos Ibáñez del Campo;5.341;2.565.797
2012;Pequeña;Región del Maule;9.222;63.862.718
2012;Micro;Región de Los Ríos;14.526;7.206.673
2012;Micro;Región de Los Lagos;33.668;17.398.979
2012;Pequeña;Región de Arica y Parinacota;1.712;11.580.881
2012;Sin Ventas/Sin Información;Región de Atacama;2.236;0
2012;Sin Ventas/Sin Información;Región de Valparaíso;16.612;0
2012;Pequeña;Región de Valparaíso;15.504;110.064.273
2012;Mediana;Región del Libertador Gral. Bernardo O’Higgins;839;40.739.624
2012;Mediana;Región de Los Lagos;950;44.516.702
2012;Pequeña;Región de Coquimbo;5.558;38.851.111
2012;Sin Ventas/Sin Información;Región del Maule;10.284;0
2012;Pequeña;Región de Los Lagos;7.998;56.889.204
2012;Mediana;Región de Antofagasta;797;37.673.726
2012;Micro;Región del Libertador Gral. Bernardo O’Higgins;35.193;18.696.889
2012;Micro;Región del Maule;45.749;22.418.266
2012;Sin Ventas/Sin Información;Región de La Araucanía;7.105;0
2012;Sin Ventas/Sin Información;Región de Arica y Parinacota;1.992;0
2012;Mediana;Región de Atacama;324;15.263.763
2012;Grande;Región del Biobío;567;420.786.732
2012;Sin Ventas/Sin Información;Región Aisén del Gral.Carlos Ibáñez del Campo;827;0
2012;Pequeña;Región de La Araucanía;6.774;47.649.491
2012;Micro;Región de Arica y Parinacota;10.327;4.649.783
2012;Grande;Región de Atacama;119;112.361.809
2012;Sin Ventas/Sin Información;Región del Biobío;11.497;0
2012;Mediana;Región de Arica y Parinacota;145;6.645.900
2012;Mediana;Región Aisén del Gral.Carlos Ibáñez del Campo;99;4.977.936
2012;Pequeña;Región Aisén del Gral.Carlos Ibáñez del Campo;1.001;6.884.960
2012;Micro;Región de Atacama;9.925;5.351.984
2012;Pequeña;Región del Biobío;11.840;85.110.218
2012;Mediana;Región del Maule;1.016;46.718.111
2012;Pequeña;Región del Libertador Gral. Bernardo O’Higgins;8.096;57.440.231
2012;Mediana;Región Metropolitana de Santiago;15.207;742.166.819
2012;Pequeña;Sin Información;164;1.336.389
2013;Mediana;Región de Magallanes y de la Antártica Chilena;231;10.408.581
2013;Micro;Región Aisén del Gral.Carlos Ibáñez del Campo;5.568;2.778.264
2013;Grande;Región de Antofagasta;306;295.954.151
2013;Grande;Región de Valparaíso;797;1.008.911.385
2013;Sin Ventas/Sin Información;Región de Los Lagos;7.347;0
2013;Pequeña;Región de Ñuble;3.658;25.253.785
2013;Pequeña;Región de Coquimbo;5.767;40.636.007
2013;Mediana;Región de Los Ríos;315;14.921.619
2013;Pequeña;Región de Valparaíso;16.353;116.256.202
2013;Mediana;Región de Antofagasta;825;37.911.166
2013;Grande;Región Aisén del Gral.Carlos Ibáñez del Campo;23;*
2013;Pequeña;Región de Los Lagos;8.381;59.345.326
2013;Mediana;Región de Valparaíso;2.042;97.500.307
2013;Micro;Región de Coquimbo;25.998;13.818.706
2013;Sin Ventas/Sin Información;Región de Ñuble;4.065;0
2013;Pequeña;Región de Antofagasta;5.994;43.608.687
2013;Mediana;Región de Coquimbo;664;31.958.676
2013;Grande;Región de Tarapacá;392;195.622.783
2013;Sin Ventas/Sin Información;Región de Magallanes y de la Antártica Chilena;1.558;0
2013;Micro;Región de Ñuble;19.215;9.470.822
2013;Grande;Región Metropolitana de Santiago;9.329;13.327.823.481
2013;Pequeña;Región de Atacama;2.770;19.565.843
2013;Pequeña;Región de Los Ríos;3.066;21.264.678
2013;Mediana;Región de Ñuble;414;19.290.368
2013;Mediana;Región de Tarapacá;769;38.517.497
2013;Sin Ventas/Sin Información;Región de Tarapacá;1.899;0
2013;Pequeña;Región de Tarapacá;3.239;25.484.887
2013;Grande;Región de Ñuble;112;31.264.331
2013;Micro;Región de Los Lagos;34.362;18.033.303
2013;Micro;Región de Tarapacá;12.080;6.288.914
2013;Micro;Región del Biobío;51.018;27.128.226
2013;Sin Ventas/Sin Información;Región del Biobío;12.088;0
2013;Sin Ventas/Sin Información;Región del Maule;10.617;0
2013;Mediana;Sin Información;10;*
2013;Pequeña;Región de Arica y Parinacota;1.762;12.144.351
2013;Mediana;Región Metropolitana de Santiago;15.976;779.105.257
2013;Micro;Región del Maule;46.634;23.128.980
2013;Sin Ventas/Sin Información;Región de Antofagasta;3.890;0
2013;Sin Ventas/Sin Información;Región Metropolitana de Santiago;79.841;0
2013;Micro;Región de Magallanes y de la Antártica Chilena;7.550;4.342.803
2013;Pequeña;Región del Maule;9.815;67.831.282
2013;Pequeña;Sin Información;133;1.021.098
2013;Sin Ventas/Sin Información;Región Aisén del Gral.Carlos Ibáñez del Campo;910;0
2013;Micro;Sin Información;414;230.090
2013;Grande;Región del Maule;325;163.987.317
2013;Micro;Región Metropolitana de Santiago;245.005;152.811.800
2013;Pequeña;Región de Magallanes y de la Antártica Chilena;2.016;13.988.583
2013;Micro;Región de Antofagasta;18.718;11.448.119
2013;Grande;Región de Arica y Parinacota;45;38.462.671
2013;Sin Ventas/Sin Información;Región de Arica y Parinacota;1.976;0
2013;Pequeña;Región Metropolitana de Santiago;88.540;667.469.327
2013;Grande;Sin Información;6;*
2013;Sin Ventas/Sin Información;Región de Atacama;2.231;0
2013;Mediana;Región de La Araucanía;791;36.376.740
2013;Mediana;Región Aisén del Gral.Carlos Ibáñez del Campo;113;*
2013;Grande;Región del Biobío;562;408.333.321
2013;Micro;Región de Arica y Parinacota;10.418;4.818.041
2013;Mediana;Región del Maule;1.065;48.909.994
2013;Mediana;Región de Arica y Parinacota;160;7.390.326
2013;Sin Ventas/Sin Información;Sin Información;1.396;0
2013;Pequeña;Región de La Araucanía;7.103;50.027.892
2013;Pequeña;Región del Libertador Gral. Bernardo O’Higgins;8.589;60.545.928
2013;Mediana;Región de Atacama;330;15.237.114
2013;Grande;Región del Libertador Gral. Bernardo O’Higgins;363;309.187.021
2013;Sin Ventas/Sin Información;Región de Coquimbo;5.235;0
2013;Grande;Región de Atacama;123;107.072.634
2013;Sin Ventas/Sin Información;Región del Libertador Gral. Bernardo O’Higgins;7.848;0
2013;Micro;Región de La Araucanía;33.252;16.454.486
2013;Sin Ventas/Sin Información;Región de Valparaíso;16.899;0
2013;Micro;Región de Atacama;10.249;5.598.583
2013;Mediana;Región de Los Lagos;1.020;47.903.346
2013;Micro;Región del Libertador Gral. Bernardo O’Higgins;35.810;19.337.937
2013;Micro;Región de Valparaíso;65.025;35.494.737
2013;Sin Ventas/Sin Información;Región de La Araucanía;7.193;0
2013;Grande;Región de Magallanes y de la Antártica Chilena;113;58.131.246
2013;Sin Ventas/Sin Información;Región de Los Ríos;2.939;0
2013;Grande;Región de La Araucanía;240;94.124.119
2013;Grande;Región de Los Ríos;86;61.410.967
2013;Pequeña;Región del Biobío;12.089;86.548.439
2013;Mediana;Región del Libertador Gral. Bernardo O’Higgins;875;41.937.689
2013;Grande;Región de Los Lagos;374;387.883.797
2013;Mediana;Región del Biobío;1.559;73.896.007
2013;Micro;Región de Los Ríos;14.790;7.449.970
2013;Pequeña;Región Aisén del Gral.Carlos Ibáñez del Campo;1.012;6.876.859
2013;Grande;Región de Coquimbo;249;132.921.925
2014;Micro;Región de Los Lagos;35.488;18.935.035
2014;Sin Ventas/Sin Información;Región Metropolitana de Santiago;82.404;0
2014;Pequeña;Región de Ñuble;3.747;25.506.574
2014;Micro;Región Aisén del Gral.Carlos Ibáñez del Campo;5.894;2.816.773
2014;Mediana;Región de Valparaíso;2.241;106.801.079
2014;Pequeña;Región del Maule;9.822;68.487.132
2014;Mediana;Región Aisén del Gral.Carlos Ibáñez del Campo;107;5.203.645
2014;Grande;Región Aisén del Gral.Carlos Ibáñez del Campo;24;20.009.815
2014;Micro;Región del Biobío;52.286;27.515.434
2014;Sin Ventas/Sin Información;Región de Coquimbo;5.317;0
2014;Sin Ventas/Sin Información;Región de Ñuble;4.095;0
2014;Mediana;Región de Ñuble;425;20.225.581
2014;Micro;Región de Ñuble;19.833;9.739.768
2014;Micro;Región de Coquimbo;27.337;14.256.816
2014;Micro;Región del Maule;48.023;23.783.608
2014;Pequeña;Región Aisén del Gral.Carlos Ibáñez del Campo;1.061;7.199.415
2014;Mediana;Región del Libertador Gral. Bernardo O’Higgins;979;46.885.367
2014;Grande;Región de Ñuble;118;31.007.899
2014;Mediana;Región de Los Lagos;1.078;50.550.543
2014;Pequeña;Región de Valparaíso;16.732;120.019.409
2014;Sin Ventas/Sin Información;Región del Libertador Gral. Bernardo O’Higgins;7.943;0
2014;Pequeña;Región de Atacama;2.665;18.892.581
2014;Mediana;Región de La Araucanía;840;38.228.197
2014;Sin Ventas/Sin Información;Región de Antofagasta;3.988;0
2014;Pequeña;Región de Coquimbo;5.882;41.595.791
2014;Micro;Región de Atacama;10.942;5.793.871
2014;Micro;Región de La Araucanía;34.230;16.983.224
2014;Grande;Región de Tarapacá;394;224.993.039
2014;Grande;Región de Antofagasta;317;304.215.707
2014;Pequeña;Región de Tarapacá;3.404;26.904.963
2014;Sin Ventas/Sin Información;Región de Arica y Parinacota;2.083;0
2014;Pequeña;Sin Información;135;1.112.015
2014;Grande;Región de Arica y Parinacota;49;38.311.113
2014;Mediana;Región de Tarapacá;760;38.324.779
2014;Sin Ventas/Sin Información;Región Aisén del Gral.Carlos Ibáñez del Campo;848;0
2014;Micro;Región de Tarapacá;12.446;6.521.943
2014;Mediana;Región Metropolitana de Santiago;16.587;808.752.538
2014;Pequeña;Región del Biobío;12.488;89.975.309
2014;Sin Ventas/Sin Información;Región de Valparaíso;17.011;0
2014;Grande;Región del Libertador Gral. Bernardo O’Higgins;383;331.345.241
2014;Pequeña;Región de Arica y Parinacota;1.884;12.852.844
2014;Micro;Región Metropolitana de Santiago;254.746;158.005.864
2014;Grande;Región de Atacama;106;94.118.872
2014;Mediana;Región de Coquimbo;659;31.971.297
2014;Pequeña;Región Metropolitana de Santiago;91.950;696.639.894
2014;Sin Ventas/Sin Información;Región de Atacama;2.322;0
2014;Micro;Región del Libertador Gral. Bernardo O’Higgins;36.984;19.880.544
2014;Grande;Región Metropolitana de Santiago;9.896;14.353.919.597
2014;Mediana;Región de Arica y Parinacota;144;6.622.792
2014;Sin Ventas/Sin Información;Región de Tarapacá;1.873;0
2014;Micro;Región de Arica y Parinacota;10.473;4.853.978
2014;Micro;Región de Magallanes y de la Antártica Chilena;7.687;4.354.800
2014;Grande;Región del Biobío;579;602.847.599
2014;Micro;Región de Antofagasta;19.412;11.636.073
2014;Sin Ventas/Sin Información;Región del Maule;10.768;0
2014;Grande;Región de Valparaíso;857;1.085.582.056
2014;Pequeña;Región del Libertador Gral. Bernardo O’Higgins;8.701;61.275.281
2014;Mediana;Región del Biobío;1.650;77.990.273
2014;Micro;Región de Los Ríos;15.376;7.897.564
2014;Pequeña;Región de Antofagasta;6.196;44.912.881
2014;Grande;Sin Información;17;6.474.158
2014;Micro;Región de Valparaíso;66.978;36.401.080
2014;Grande;Región del Maule;368;233.905.828
2014;Mediana;Región de Los Ríos;320;15.304.866
2014;Sin Ventas/Sin Información;Región de Los Ríos;2.966;0
2014;Grande;Región de Magallanes y de la Antártica Chilena;124;65.992.442
2014;Sin Ventas/Sin Información;Región de La Araucanía;7.423;0
2014;Mediana;Región de Antofagasta;815;37.946.316
2014;Mediana;Sin Información;13;690.351
2014;Micro;Sin Información;344;179.056
2014;Pequeña;Región de Los Ríos;3.142;22.049.060
2014;Pequeña;Región de La Araucanía;7.302;51.033.248
2014;Pequeña;Región de Magallanes y de la Antártica Chilena;2.171;15.020.976
2014;Mediana;Región de Atacama;295;14.246.034
2014;Sin Ventas/Sin Información;Sin Información;1.434;0
2014;Sin Ventas/Sin Información;Región de Magallanes y de la Antártica Chilena;1.565;0
2014;Grande;Región de Los Lagos;402;456.704.435
2014;Mediana;Región de Magallanes y de la Antártica Chilena;255;11.559.181
2014;Grande;Región de Los Ríos;97;62.071.549
2014;Grande;Región de La Araucanía;260;141.893.350
2014;Sin Ventas/Sin Información;Región de Los Lagos;7.580;0
2014;Mediana;Región del Maule;1.058;48.672.739
2014;Pequeña;Región de Los Lagos;8.620;61.504.403
2014;Sin Ventas/Sin Información;Región del Biobío;12.128;0
2014;Grande;Región de Coquimbo;242;120.072.639
2015;Grande;Región de La Araucanía;272;109.543.028
2015;Micro;Región de Ñuble;20.061;9.956.641
2015;Sin Ventas/Sin Información;Región de Ñuble;4.319;0
2015;Mediana;Región del Biobío;1.686;79.034.994
2015;Micro;Región de Magallanes y de la Antártica Chilena;7.789;4.589.441
2015;Pequeña;Región de Ñuble;3.895;26.732.066
2015;Sin Ventas/Sin Información;Región de Magallanes y de la Antártica Chilena;1.566;0
2015;Micro;Región del Libertador Gral. Bernardo O’Higgins;38.004;20.671.929
2015;Micro;Región de Antofagasta;20.076;12.107.273
2015;Mediana;Región de Ñuble;419;20.274.596
2015;Pequeña;Región del Libertador Gral. Bernardo O’Higgins;9.071;64.068.503
2015;Grande;Región de Ñuble;130;39.019.673
2015;Sin Ventas/Sin Información;Región de Atacama;2.364;0
2015;Grande;Región del Maule;358;230.917.606
2015;Sin Ventas/Sin Información;Región de Valparaíso;17.491;0
2015;Mediana;Región de Magallanes y de la Antártica Chilena;237;11.145.540
2015;Pequeña;Región Aisén del Gral.Carlos Ibáñez del Campo;1.125;7.967.174
2015;Pequeña;Región de Arica y Parinacota;1.902;13.080.777
2015;Sin Ventas/Sin Información;Región de Arica y Parinacota;2.108;0
2015;Pequeña;Región de Los Lagos;9.018;63.640.749
2015;Grande;Región de Arica y Parinacota;43;38.223.494
2015;Mediana;Región Aisén del Gral.Carlos Ibáñez del Campo;97;*
2015;Micro;Región de Arica y Parinacota;10.590;5.017.483
2015;Pequeña;Región de Atacama;2.602;18.461.753
2015;Mediana;Región de Arica y Parinacota;164;7.899.093
2015;Grande;Región de Antofagasta;284;367.885.263
2015;Grande;Región de Coquimbo;247;108.972.134
2015;Micro;Región de Los Ríos;15.578;8.044.289
2015;Sin Ventas/Sin Información;Región de Los Ríos;3.066;0
2015;Pequeña;Región de Los Ríos;3.323;23.112.831
2015;Mediana;Región del Libertador Gral. Bernardo O’Higgins;996;47.950.629
2015;Mediana;Región de Los Ríos;335;15.372.650
2015;Grande;Región de Los Ríos;104;57.686.546
2015;Mediana;Región del Maule;1.110;51.670.691
2015;Mediana;Región de Atacama;300;14.610.179
2015;Sin Ventas/Sin Información;Región de Los Lagos;7.895;0
2015;Grande;Región de Los Lagos;414;395.369.940
2015;Sin Ventas/Sin Información;Región del Biobío;12.282;0
2015;Mediana;Región de Los Lagos;1.116;51.432.014
2015;Pequeña;Región de La Araucanía;7.750;54.215.434
2015;Micro;Región de Coquimbo;28.178;14.720.931
2015;Pequeña;Región del Maule;10.089;70.655.331
2015;Grande;Región del Biobío;590;450.638.995
2015;Grande;Región del Libertador Gral. Bernardo O’Higgins;386;327.390.235
2015;Grande;Región Aisén del Gral.Carlos Ibáñez del Campo;28;*
2015;Sin Ventas/Sin Información;Región de La Araucanía;7.711;0
2015;Pequeña;Región de Coquimbo;6.027;42.095.535
2015;Pequeña;Región de Tarapacá;3.509;27.544.207
2015;Pequeña;Región de Valparaíso;17.426;125.041.955
2015;Sin Ventas/Sin Información;Región Aisén del Gral.Carlos Ibáñez del Campo;859;0
2015;Sin Ventas/Sin Información;Región de Coquimbo;5.426;0
2015;Pequeña;Región Metropolitana de Santiago;94.954;719.855.623
2015;Grande;Región de Valparaíso;866;852.143.716
2015;Mediana;Región de Tarapacá;772;38.846.995
2015;Micro;Región del Maule;48.640;24.643.823
2015;Micro;Región Metropolitana de Santiago;262.065;162.871.077
2015;Micro;Región de Tarapacá;12.788;6.557.664
2015;Micro;Región de Los Lagos;36.290;19.746.221
2015;Mediana;Región Metropolitana de Santiago;16.801;813.135.949
2015;Sin Ventas/Sin Información;Región de Tarapacá;1.935;0
2015;Grande;Región de Tarapacá;395;149.730.200
2015;Micro;Región del Biobío;52.993;28.174.311
2015;Grande;Región de Atacama;101;85.400.858
2015;Grande;Región de Magallanes y de la Antártica Chilena;128;68.608.156
2015;Sin Ventas/Sin Información;Región del Maule;11.199;0
2015;Grande;Sin Información;1;*
2015;Sin Ventas/Sin Información;Región Metropolitana de Santiago;85.382;0
2015;Pequeña;Sin Información;69;*
2015;Micro;Región Aisén del Gral.Carlos Ibáñez del Campo;5.938;2.953.729
2015;Mediana;Región de La Araucanía;916;42.334.814
2015;Mediana;Sin Información;4;*
2015;Sin Ventas/Sin Información;Región de Antofagasta;3.982;0
2015;Mediana;Región de Antofagasta;871;41.096.381
2015;Pequeña;Región de Magallanes y de la Antártica Chilena;2.219;15.832.849
2015;Pequeña;Región de Antofagasta;6.290;45.842.618
2015;Mediana;Región de Valparaíso;2.290;108.124.672
2015;Sin Ventas/Sin Información;Región del Libertador Gral. Bernardo O’Higgins;8.279;0
2015;Sin Ventas/Sin Información;Sin Información;1.109;0
2015;Micro;Región de Atacama;11.316;5.771.752
2015;Mediana;Región de Coquimbo;676;31.675.162
2015;Micro;Sin Información;214;67.257
2015;Micro;Región de La Araucanía;34.772;17.816.638
2015;Pequeña;Región del Biobío;12.995;93.720.726
2015;Micro;Región de Valparaíso;67.978;37.399.743
2015;Grande;Región Metropolitana de Santiago;9.956;14.898.609.871
2016;Mediana;Región del Libertador Gral. Bernardo O’Higgins;1.060;50.558.916
2016;Grande;Región de Los Ríos;109;59.976.751
2016;Sin Ventas/Sin Información;Región de Los Ríos;3.226;0
2016;Mediana;Región de Atacama;299;13.438.930
2016;Grande;Región de Atacama;89;67.946.632
2016;Pequeña;Región de Atacama;2.460;17.020.802
2016;Pequeña;Región Aisén del Gral.Carlos Ibáñez del Campo;1.188;8.281.045
2016;Micro;Región de Los Lagos;37.437;20.279.391
2016;Grande;Región del Biobío;590;473.590.505
2016;Pequeña;Región del Maule;10.508;73.794.645
2016;Sin Ventas/Sin Información;Región del Biobío;12.669;0
2016;Grande;Región de La Araucanía;278;116.623.359
2016;Mediana;Región Aisén del Gral.Carlos Ibáñez del Campo;114;*
2016;Sin Ventas/Sin Información;Región Aisén del Gral.Carlos Ibáñez del Campo;916;0
2016;Sin Ventas/Sin Información;Región de Coquimbo;5.668;0
2016;Mediana;Región del Maule;1.199;54.759.636
2016;Micro;Región Aisén del Gral.Carlos Ibáñez del Campo;6.158;3.137.850
2016;Grande;Región del Maule;394;220.387.522
2016;Sin Ventas/Sin Información;Región de Tarapacá;2.125;0
2016;Sin Ventas/Sin Información;Región de Magallanes y de la Antártica Chilena;1.633;0
2016;Micro;Región del Libertador Gral. Bernardo O’Higgins;38.885;21.139.569
2016;Micro;Región de Tarapacá;13.000;6.573.343
2016;Mediana;Región de Los Lagos;1.127;53.234.479
2016;Pequeña;Región de Antofagasta;6.166;44.646.479
2016;Micro;Región de Valparaíso;69.304;38.412.860
2016;Mediana;Región de Tarapacá;757;38.598.549
2016;Grande;Región de Tarapacá;397;145.214.241
2016;Mediana;Región del Biobío;1.752;81.801.522
2016;Grande;Región Metropolitana de Santiago;10.293;15.553.747.225
2016;Sin Ventas/Sin Información;Región de Ñuble;4.486;0
2016;Micro;Región del Biobío;53.962;28.906.208
2016;Sin Ventas/Sin Información;Región de Antofagasta;4.149;0
2016;Mediana;Región de Valparaíso;2.392;113.475.135
2016;Mediana;Región de Coquimbo;722;33.657.142
2016;Grande;Región de Valparaíso;940;743.461.207
2016;Mediana;Región Metropolitana de Santiago;17.761;863.138.366
2016;Pequeña;Región de Ñuble;4.101;27.844.847
2016;Micro;Región del Maule;49.568;25.334.755
2016;Mediana;Región de Ñuble;454;21.480.318
2016;Grande;Región de Ñuble;129;36.080.357
2016;Micro;Región de Magallanes y de la Antártica Chilena;7.900;4.685.065
2016;Grande;Región de Coquimbo;243;135.157.251
2016;Micro;Región de Ñuble;20.283;10.190.275
2016;Pequeña;Región de Tarapacá;3.328;26.078.058
2016;Micro;Región de Arica y Parinacota;10.810;5.122.603
2016;Grande;Región del Libertador Gral. Bernardo O’Higgins;426;313.843.116
2016;Micro;Región de Coquimbo;29.196;15.074.232
2016;Mediana;Región de La Araucanía;955;44.341.559
2016;Pequeña;Región de Arica y Parinacota;1.947;13.007.927
2016;Pequeña;Región de La Araucanía;8.026;56.292.705
2016;Pequeña;Región del Biobío;13.279;95.477.926
2016;Micro;Región Metropolitana de Santiago;267.885;166.223.126
2016;Sin Ventas/Sin Información;Región del Maule;11.645;0
2016;Sin Ventas/Sin Información;Región de Los Lagos;8.300;0
2016;Sin Ventas/Sin Información;Región de Arica y Parinacota;2.143;0
2016;Grande;Región Aisén del Gral.Carlos Ibáñez del Campo;30;*
2016;Pequeña;Sin Información;49;399.279
2016;Grande;Región de Arica y Parinacota;44;39.037.319
2016;Grande;Sin Información;5;*
2016;Grande;Región de Antofagasta;267;255.579.279
2016;Mediana;Sin Información;7;*
2016;Mediana;Región de Antofagasta;819;37.857.281
2016;Mediana;Región de Magallanes y de la Antártica Chilena;264;12.409.009
2016;Micro;Región de Antofagasta;20.907;12.318.380
2016;Micro;Sin Información;209;54.741
2016;Micro;Región de Atacama;11.345;5.806.603
2016;Mediana;Región de Arica y Parinacota;175;8.231.145
2016;Pequeña;Región de Valparaíso;17.975;129.449.236
2016;Pequeña;Región de Los Lagos;9.217;64.995.917
2016;Sin Ventas/Sin Información;Región de La Araucanía;8.151;0
2016;Sin Ventas/Sin Información;Región del Libertador Gral. Bernardo O’Higgins;8.672;0
2016;Pequeña;Región de Magallanes y de la Antártica Chilena;2.385;16.527.712
2016;Grande;Región de Los Lagos;415;385.567.232
2016;Pequeña;Región de Los Ríos;3.502;23.914.172
2016;Pequeña;Región del Libertador Gral. Bernardo O’Higgins;9.340;64.960.286
2016;Micro;Región de Los Ríos;15.784;8.160.274
2016;Pequeña;Región de Coquimbo;6.205;43.393.470
2016;Grande;Región de Magallanes y de la Antártica Chilena;130;71.219.349
2016;Pequeña;Región Metropolitana de Santiago;97.212;737.111.206
2016;Sin Ventas/Sin Información;Sin Información;1.135;0
2016;Micro;Región de La Araucanía;35.530;18.330.917
2016;Sin Ventas/Sin Información;Región de Valparaíso;17.470;0
2016;Mediana;Región de Los Ríos;355;16.367.940
2016;Sin Ventas/Sin Información;Región Metropolitana de Santiago;86.388;0
2016;Sin Ventas/Sin Información;Región de Atacama;2.384;0
2017;Micro;Región del Biobío;56.160;29.691.708
2017;Mediana;Región de La Araucanía;896;42.020.207
2017;Grande;Región del Biobío;581;479.485.158
2017;Mediana;Región del Maule;1.153;53.521.502
2017;Micro;Región del Maule;51.035;25.798.961
2017;Pequeña;Región de La Araucanía;8.159;56.733.030
2017;Micro;Región de La Araucanía;37.200;18.929.549
2017;Sin Ventas/Sin Información;Región del Libertador Gral. Bernardo O’Higgins;10.346;0
2017;Mediana;Región del Libertador Gral. Bernardo O’Higgins;1.011;47.036.007
2017;Micro;Región del Libertador Gral. Bernardo O’Higgins;40.759;22.278.819
2017;Grande;Región del Libertador Gral. Bernardo O’Higgins;403;305.892.588
2017;Sin Ventas/Sin Información;Región de La Araucanía;9.907;0
2017;Pequeña;Región del Libertador Gral. Bernardo O’Higgins;9.452;64.691.788
2017;Mediana;Región del Biobío;1.678;77.467.924
2017;Pequeña;Región Metropolitana de Santiago;93.309;697.118.682
2017;Pequeña;Región de Los Lagos;9.597;66.655.247
2017;Grande;Región de Los Lagos;434;415.549.007
2017;Pequeña;Región de Valparaíso;17.545;123.758.339
2017;Micro;Región de Tarapacá;13.335;6.693.513
2017;Grande;Región de Valparaíso;840;743.806.493
2017;Mediana;Región Metropolitana de Santiago;15.966;773.956.723
2017;Grande;Región de Tarapacá;361;130.100.132
2017;Mediana;Región de Los Lagos;1.097;51.930.432
2017;Sin Ventas/Sin Información;Región de Los Lagos;10.068;0
2017;Micro;Región de Los Lagos;38.526;20.762.788
2017;Sin Ventas/Sin Información;Región de Valparaíso;22.491;0
2017;Micro;Región de Valparaíso;71.720;39.079.021
2017;Mediana;Región de Valparaíso;2.141;102.108.798
2017;Pequeña;Región de Coquimbo;6.318;43.621.175
2017;Micro;Región de Antofagasta;21.464;12.482.965
2017;Micro;Región de Coquimbo;30.698;15.530.719
2017;Micro;Región Metropolitana de Santiago;271.270;165.497.493
2017;Sin Ventas/Sin Información;Región de Tarapacá;3.205;0
2017;Mediana;Región de Coquimbo;670;31.490.997
2017;Grande;Región de Coquimbo;224;110.744.136
2017;Pequeña;Región Aisén del Gral.Carlos Ibáñez del Campo;1.272;8.752.036
2017;Mediana;Región Aisén del Gral.Carlos Ibáñez del Campo;114;5.039.000
2017;Sin Ventas/Sin Información;Región de Coquimbo;6.921;0
2017;Mediana;Región de Atacama;289;13.516.867
2017;Sin Ventas/Sin Información;Región Metropolitana de Santiago;116.783;0
2017;Micro;Región Aisén del Gral.Carlos Ibáñez del Campo;6.596;3.257.643
2017;Micro;Región de Atacama;11.459;5.858.599
2017;Grande;Región de Atacama;92;70.160.071
2017;Mediana;Sin Información;11;*
2017;Grande;Región Aisén del Gral.Carlos Ibáñez del Campo;33;*
2017;Pequeña;Región de Atacama;2.605;17.812.152
2017;Sin Ventas/Sin Información;Región de Atacama;2.919;0
2017;Grande;Región Metropolitana de Santiago;9.617;16.956.314.078
2017;Mediana;Región de Magallanes y de la Antártica Chilena;264;12.537.237
2017;Pequeña;Región de Antofagasta;6.246;44.415.539
2017;Pequeña;Sin Información;36;258.493
2017;Micro;Región de Magallanes y de la Antártica Chilena;8.285;4.791.350
2017;Sin Ventas/Sin Información;Sin Información;917;0
2017;Mediana;Región de Antofagasta;767;34.480.397
2017;Pequeña;Región de Magallanes y de la Antártica Chilena;2.485;17.250.852
2017;Grande;Región de Antofagasta;250;258.710.543
2017;Sin Ventas/Sin Información;Región de Antofagasta;5.317;0
2017;Pequeña;Región de Ñuble;4.030;27.022.813
2017;Grande;Región de Ñuble;110;33.103.320
2017;Sin Ventas/Sin Información;Región de Ñuble;5.264;0
2017;Mediana;Región de Ñuble;423;19.999.830
2017;Grande;Región de Magallanes y de la Antártica Chilena;122;56.587.090
2017;Micro;Región de Ñuble;21.422;10.513.176
2017;Sin Ventas/Sin Información;Región de Arica y Parinacota;3.049;0
2017;Pequeña;Región de Arica y Parinacota;1.927;12.994.487
2017;Micro;Región de Arica y Parinacota;11.080;5.337.345
2017;Grande;Región de Arica y Parinacota;43;39.532.944
2017;Mediana;Región de Arica y Parinacota;175;7.834.139
2017;Pequeña;Región de Los Ríos;3.456;23.375.523
2017;Sin Ventas/Sin Información;Región Aisén del Gral.Carlos Ibáñez del Campo;1.193;0
2017;Grande;Región de Los Ríos;113;67.416.885
2017;Pequeña;Región de Tarapacá;3.173;24.134.547
2017;Mediana;Región de Los Ríos;348;16.026.735
2017;Sin Ventas/Sin Información;Región del Biobío;14.937;0
2017;Sin Ventas/Sin Información;Región de Los Ríos;3.880;0
2017;Grande;Sin Información;3;*
2017;Pequeña;Región del Biobío;13.563;96.614.506
2017;Mediana;Región de Tarapacá;597;29.305.940
2017;Sin Ventas/Sin Información;Región de Magallanes y de la Antártica Chilena;1.986;0
2017;Sin Ventas/Sin Información;Región del Maule;13.791;0
2017;Pequeña;Región del Maule;10.522;73.148.174
2017;Grande;Región de La Araucanía;266;119.482.237
2017;Micro;Sin Información;208;67.175
2017;Grande;Región del Maule;362;211.711.640
2017;Micro;Región de Los Ríos;16.463;8.469.116
2018;Grande;Región de La Araucanía;307;131.630.821
2018;Mediana;Sin Información;3;*
2018;Pequeña;Región de Los Lagos;10.272;71.008.876
2018;Micro;Región del Maule;53.018;27.409.012
2018;Grande;Región del Maule;425;232.668.140
2018;Mediana;Región del Maule;1.242;56.581.849
2018;Mediana;Región de Coquimbo;662;31.341.729
2018;Mediana;Región de La Araucanía;884;40.944.179
2018;Pequeña;Región del Libertador Gral. Bernardo O’Higgins;10.167;70.790.592
2018;Pequeña;Región del Maule;11.296;78.234.459
2018;Pequeña;Región de Ñuble;4.291;29.051.528
2018;Sin Ventas/Sin Información;Región del Maule;16.086;0
2018;Pequeña;Región de Coquimbo;6.689;46.469.028
2018;Sin Ventas/Sin Información;Región de Coquimbo;8.873;0
2018;Pequeña;Región Metropolitana de Santiago;97.505;729.128.876
2018;Pequeña;Región Aisén del Gral.Carlos Ibáñez del Campo;1.310;8.913.883
2018;Micro;Región de Magallanes y de la Antártica Chilena;8.772;5.106.168
2018;Pequeña;Sin Información;31;*
2018;Grande;Región de Coquimbo;238;112.274.661
2018;Pequeña;Región de La Araucanía;8.590;58.938.594
2018;Mediana;Región de Los Ríos;350;16.447.215
2018;Micro;Sin Información;104;29.249
2018;Grande;Región de Atacama;93;73.179.773
2018;Mediana;Región de Magallanes y de la Antártica Chilena;276;12.789.634
2018;Grande;Región del Biobío;602;536.869.470
2018;Micro;Región de Los Lagos;40.132;21.846.926
2018;Grande;Región de Los Ríos;109;60.953.121
2018;Pequeña;Región de Los Ríos;3.622;24.471.867
2018;Sin Ventas/Sin Información;Región del Biobío;19.064;0
2018;Sin Ventas/Sin Información;Sin Información;616;0
2018;Mediana;Región del Libertador Gral. Bernardo O’Higgins;1.080;50.167.229
2018;Sin Ventas/Sin Información;Región de Antofagasta;7.017;0
2018;Micro;Región de Los Ríos;17.282;8.815.761
2018;Sin Ventas/Sin Información;Región de Los Ríos;5.018;0
2018;Pequeña;Región de Antofagasta;6.457;46.524.986
2018;Sin Ventas/Sin Información;Región Aisén del Gral.Carlos Ibáñez del Campo;1.602;0
2018;Mediana;Región de Valparaíso;2.222;104.688.245
2018;Pequeña;Región del Biobío;14.408;102.291.737
2018;Micro;Región de La Araucanía;38.850;19.769.767
2018;Micro;Región de Valparaíso;74.322;40.738.475
2018;Mediana;Región del Biobío;1.745;80.940.263
2018;Pequeña;Región de Arica y Parinacota;1.951;13.279.657
2018;Micro;Región de Antofagasta;21.995;12.768.675
2018;Mediana;Región de Arica y Parinacota;166;7.296.404
2018;Sin Ventas/Sin Información;Región de Valparaíso;27.506;0
2018;Micro;Región del Biobío;58.105;31.017.387
2018;Sin Ventas/Sin Información;Región de Atacama;3.602;0
2018;Sin Ventas/Sin Información;Región Metropolitana de Santiago;141.321;0
2018;Grande;Región de Arica y Parinacota;47;40.185.945
2018;Sin Ventas/Sin Información;Región de Los Lagos;12.595;0
2018;Micro;Región de Arica y Parinacota;11.355;5.463.067
2018;Grande;Región Aisén del Gral.Carlos Ibáñez del Campo;17;4.782.971
2018;Micro;Región del Libertador Gral. Bernardo O’Higgins;41.814;22.818.461
2018;Grande;Región de Valparaíso;903;879.373.878
2018;Micro;Región de Tarapacá;13.415;6.754.800
2018;Sin Ventas/Sin Información;Región del Libertador Gral. Bernardo O’Higgins;12.590;0
2018;Pequeña;Región de Atacama;2.652;17.986.447
2018;Mediana;Región de Atacama;296;13.839.399
2018;Mediana;Región de Tarapacá;632;31.166.170
2018;Sin Ventas/Sin Información;Región de Arica y Parinacota;3.276;0
2018;Grande;Región del Libertador Gral. Bernardo O’Higgins;429;339.737.241
2018;Sin Ventas/Sin Información;Región de La Araucanía;12.289;0
2018;Grande;Región Metropolitana de Santiago;9.774;18.568.216.158
2018;Mediana;Región de Ñuble;433;19.974.138
2018;Pequeña;Región de Tarapacá;3.302;25.087.373
2018;Micro;Región Aisén del Gral.Carlos Ibáñez del Campo;6.936;3.407.964
2018;Grande;Región de Magallanes y de la Antártica Chilena;132;63.243.301
2018;Sin Ventas/Sin Información;Región de Ñuble;6.311;0
2018;Mediana;Región de Los Lagos;1.193;55.746.128
2018;Mediana;Región Metropolitana de Santiago;16.644;807.157.337
2018;Grande;Región de Antofagasta;258;309.009.114
2018;Pequeña;Región de Valparaíso;18.404;129.154.337
2018;Grande;Región de Los Lagos;494;517.733.421
2018;Mediana;Región de Antofagasta;770;34.578.259
2018;Sin Ventas/Sin Información;Región de Magallanes y de la Antártica Chilena;2.518;0
2018;Pequeña;Región de Magallanes y de la Antártica Chilena;2.613;18.273.100
2018;Micro;Región de Atacama;11.998;6.238.455
2018;Micro;Región de Ñuble;22.059;11.144.622
2018;Micro;Región Metropolitana de Santiago;283.289;172.732.699
2018;Grande;Región de Tarapacá;339;132.030.539
2018;Mediana;Región Aisén del Gral.Carlos Ibáñez del Campo;120;*
2018;Grande;Región de Ñuble;136;40.116.053
2018;Sin Ventas/Sin Información;Región de Tarapacá;4.387;0
2018;Micro;Región de Coquimbo;31.815;16.239.771
2019;Grande;Región de La Araucanía;308;128.623.721
2019;Mediana;Región de Magallanes y de la Antártica Chilena;297;13.922.466
2019;Grande;Región del Maule;415;238.770.182
2019;Mediana;Región de Los Ríos;356;16.889.705
2019;Sin Ventas/Sin Información;Región de Atacama;3.661;0
2019;Micro;Región de Atacama;12.209;6.138.512
2019;Pequeña;Región de Atacama;2.703;18.472.543
2019;Pequeña;Región de Los Ríos;3.679;24.797.545
2019;Grande;Región de Los Ríos;117;64.335.064
2019;Micro;Región de Los Ríos;18.104;8.998.995
2019;Sin Ventas/Sin Información;Región de Los Ríos;5.067;0
2019;Mediana;Región de Arica y Parinacota;159;7.081.975
2019;Grande;Región de Antofagasta;274;321.117.076
2019;Pequeña;Región de Magallanes y de la Antártica Chilena;2.691;18.485.177
2019;Micro;Región de Los Lagos;41.789;22.360.352
2019;Pequeña;Región de Arica y Parinacota;1.984;13.480.426
2019;Grande;Región de Arica y Parinacota;42;37.561.713
2019;Micro;Región de Arica y Parinacota;11.312;5.352.533
2019;Sin Ventas/Sin Información;Región de Arica y Parinacota;3.277;0
2019;Sin Ventas/Sin Información;Región de Magallanes y de la Antártica Chilena;2.590;0
2019;Micro;Región del Biobío;59.999;31.517.523
2019;Pequeña;Región de Ñuble;4.418;29.962.965
2019;Sin Ventas/Sin Información;Región de Ñuble;6.421;0
2019;Mediana;Región de Ñuble;444;20.630.413
2019;Mediana;Región de Antofagasta;848;39.091.882
2019;Micro;Región de Valparaíso;76.777;40.996.510
2019;Grande;Región de Ñuble;132;41.778.394
2019;Micro;Región de Ñuble;23.136;11.211.491
2019;Sin Ventas/Sin Información;Región de Antofagasta;7.197;0
2019;Micro;Región de Antofagasta;22.308;12.924.667
2019;Pequeña;Región de Antofagasta;6.569;47.519.018
2019;Grande;Región Aisén del Gral.Carlos Ibáñez del Campo;20;5.377.632
2019;Mediana;Región Aisén del Gral.Carlos Ibáñez del Campo;120;*
2019;Micro;Región de Coquimbo;33.017;16.515.144
2019;Pequeña;Región de Tarapacá;3.439;26.615.577
2019;Mediana;Región de Valparaíso;2.260;106.401.625
2019;Pequeña;Región del Biobío;14.653;103.659.761
2019;Grande;Región de Tarapacá;353;172.998.978
2019;Grande;Región de Magallanes y de la Antártica Chilena;141;64.542.702
2019;Pequeña;Región de Valparaíso;18.591;130.751.863
2019;Pequeña;Región de Coquimbo;6.668;45.466.490
2019;Grande;Región de Los Lagos;523;675.580.892
2019;Grande;Región de Valparaíso;946;901.672.811
2019;Mediana;Región de Los Lagos;1.235;57.724.335
2019;Pequeña;Región Metropolitana de Santiago;99.341;745.488.807
2019;Grande;Región del Biobío;622;598.273.013
2019;Micro;Región Aisén del Gral.Carlos Ibáñez del Campo;7.187;3.492.409
2019;Mediana;Región Metropolitana de Santiago;17.084;825.785.689
2019;Pequeña;Región del Libertador Gral. Bernardo O’Higgins;10.241;72.032.825
2019;Sin Ventas/Sin Información;Región de Tarapacá;4.379;0
2019;Grande;Región de Coquimbo;233;107.617.828
2019;Micro;Región del Libertador Gral. Bernardo O’Higgins;43.270;23.104.036
2019;Mediana;Región de Tarapacá;653;31.152.676
2019;Mediana;Región de La Araucanía;896;41.833.656
2019;Micro;Región de Tarapacá;13.536;6.801.718
2019;Sin Ventas/Sin Información;Región Aisén del Gral.Carlos Ibáñez del Campo;1.690;0
2019;Pequeña;Región de Los Lagos;10.536;72.993.744
2019;Sin Ventas/Sin Información;Región de Coquimbo;9.210;0
2019;Pequeña;Región Aisén del Gral.Carlos Ibáñez del Campo;1.326;8.881.690
2019;Grande;Región del Libertador Gral. Bernardo O’Higgins;476;389.500.092
2019;Mediana;Región del Libertador Gral. Bernardo O’Higgins;1.125;52.177.508
2019;Mediana;Región de Coquimbo;664;30.730.022
2019;Micro;Región Metropolitana de Santiago;295.939;175.968.371
2019;Grande;Región de Atacama;96;76.166.594
2019;Sin Ventas/Sin Información;Región del Libertador Gral. Bernardo O’Higgins;12.935;0
2019;Micro;Región de La Araucanía;40.319;20.457.269
2019;Sin Ventas/Sin Información;Sin Información;532;0
2019;Sin Ventas/Sin Información;Región de Valparaíso;28.812;0
2019;Micro;Sin Información;99;30.031
2019;Pequeña;Sin Información;33;*
2019;Mediana;Región de Atacama;275;13.004.390
2019;Sin Ventas/Sin Información;Región del Biobío;19.914;0
2019;Pequeña;Región de La Araucanía;8.742;61.222.774
2019;Micro;Región del Maule;55.531;27.957.023
2019;Grande;Región Metropolitana de Santiago;10.113;19.349.329.453
2019;Mediana;Región del Biobío;1.727;79.828.170
2019;Sin Ventas/Sin Información;Región del Maule;16.711;0
2019;Sin Ventas/Sin Información;Región Metropolitana de Santiago;146.887;0
2019;Sin Ventas/Sin Información;Región de Los Lagos;13.105;0
2019;Mediana;Sin Información;3;*
2019;Pequeña;Región del Maule;11.545;80.410.957
2019;Sin Ventas/Sin Información;Región de La Araucanía;12.588;0
2019;Mediana;Región del Maule;1.237;58.383.229
2019;Micro;Región de Magallanes y de la Antártica Chilena;9.052;5.160.702
2020;Sin Ventas/Sin Información;Región de Magallanes y de la Antártica Chilena;2.435;0
2020;Mediana;Región del Biobío;1.786;83.567.758
2020;Sin Ventas/Sin Información;Región de Ñuble;6.007;0
2020;Pequeña;Región de Antofagasta;6.394;45.645.313
2020;Micro;Región de Ñuble;22.819;10.858.039
2020;Micro;Región de Valparaíso;78.337;39.305.818
2020;Grande;Región de La Araucanía;300;125.377.836
2020;Sin Ventas/Sin Información;Región de Antofagasta;6.697;0
2020;Micro;Región de Los Lagos;42.715;21.662.827
2020;Mediana;Región de Coquimbo;728;34.457.920
2020;Grande;Región de Coquimbo;227;132.559.278
2020;Mediana;Región de Ñuble;474;22.440.299
2020;Micro;Región de Coquimbo;33.139;15.526.575
2020;Micro;Región del Libertador Gral. Bernardo O’Higgins;43.332;22.005.041
2020;Sin Ventas/Sin Información;Región de Tarapacá;3.584;0
2020;Grande;Región de Antofagasta;272;280.528.221
2020;Pequeña;Región de Ñuble;4.440;30.639.867
2020;Sin Ventas/Sin Información;Región de Arica y Parinacota;2.279;0
2020;Pequeña;Región del Libertador Gral. Bernardo O’Higgins;10.388;74.353.262
2020;Micro;Región de La Araucanía;40.817;19.409.252
2020;Sin Ventas/Sin Información;Región de La Araucanía;12.032;0
2020;Grande;Región Aisén del Gral.Carlos Ibáñez del Campo;20;*
2020;Pequeña;Región de Tarapacá;3.369;26.176.231
2020;Micro;Región Metropolitana de Santiago;317.710;175.387.987
2020;Mediana;Región Aisén del Gral.Carlos Ibáñez del Campo;131;*
2020;Grande;Región de Valparaíso;973;734.134.674
2020;Micro;Sin Información;85;33.945
2020;Grande;Región de Arica y Parinacota;42;37.804.671
2020;Sin Ventas/Sin Información;Región Aisén del Gral.Carlos Ibáñez del Campo;1.708;0
2020;Grande;Sin Información;5;*
2020;Sin Ventas/Sin Información;Sin Información;101;0
2020;Grande;Región del Libertador Gral. Bernardo O’Higgins;509;437.384.322
2020;Micro;Región de Antofagasta;22.215;11.995.511
2020;Pequeña;Región de Los Lagos;10.619;76.479.434
2020;Sin Ventas/Sin Información;Región del Libertador Gral. Bernardo O’Higgins;12.083;0
2020;Mediana;Región de Arica y Parinacota;179;7.970.806
2020;Micro;Región de Arica y Parinacota;11.055;4.957.909
2020;Mediana;Región de Antofagasta;857;40.396.319
2020;Mediana;Región del Libertador Gral. Bernardo O’Higgins;1.264;59.162.089
2020;Pequeña;Región de Arica y Parinacota;1.840;12.714.626
2020;Pequeña;Región Metropolitana de Santiago;98.918;744.545.959
2020;Pequeña;Región del Biobío;14.335;102.259.002
2020;Sin Ventas/Sin Información;Región de Los Ríos;5.061;0
2020;Pequeña;Región de Valparaíso;18.658;133.279.849
2020;Mediana;Región de Los Ríos;390;18.489.558
2020;Grande;Región de Los Lagos;546;572.258.397
2020;Pequeña;Región de Atacama;2.685;18.469.061
2020;Sin Ventas/Sin Información;Región del Biobío;18.253;0
2020;Micro;Región de Los Ríos;18.011;8.536.631
2020;Grande;Región de Los Ríos;109;57.611.272
2020;Pequeña;Región de La Araucanía;8.564;60.740.637
2020;Mediana;Región de Los Lagos;1.333;62.408.164
2020;Grande;Región del Biobío;621;526.367.969
2020;Sin Ventas/Sin Información;Región de Los Lagos;12.049;0
2020;Grande;Región Metropolitana de Santiago;10.208;17.396.804.989
2020;Micro;Región de Magallanes y de la Antártica Chilena;9.414;4.884.412
2020;Micro;Región del Maule;55.556;27.250.008
2020;Pequeña;Región Aisén del Gral.Carlos Ibáñez del Campo;1.281;8.895.496
2020;Sin Ventas/Sin Información;Región de Atacama;3.482;0
2020;Pequeña;Región del Maule;11.881;84.483.117
2020;Mediana;Sin Información;7;*
2020;Mediana;Región de La Araucanía;936;44.111.268
2020;Grande;Región de Ñuble;134;45.839.160
2020;Micro;Región de Atacama;11.925;5.936.440
2020;Pequeña;Región de Coquimbo;6.545;45.222.281
2020;Micro;Región Aisén del Gral.Carlos Ibáñez del Campo;7.193;3.228.318
2020;Mediana;Región del Maule;1.402;65.174.095
2020;Micro;Región del Biobío;60.374;30.292.938
2020;Mediana;Región Metropolitana de Santiago;17.467;845.327.761
2020;Sin Ventas/Sin Información;Región del Maule;15.607;0
2020;Grande;Región del Maule;463;225.093.773
2020;Mediana;Región de Tarapacá;720;35.008.419
2020;Pequeña;Región de Magallanes y de la Antártica Chilena;2.423;16.798.594
2020;Mediana;Región de Valparaíso;2.400;113.418.218
2020;Sin Ventas/Sin Información;Región Metropolitana de Santiago;106.101;0
2020;Micro;Región de Tarapacá;13.536;6.477.523
2020;Grande;Región de Magallanes y de la Antártica Chilena;123;56.711.222
2020;Grande;Región de Tarapacá;363;164.442.372
2020;Sin Ventas/Sin Información;Región de Coquimbo;8.589;0
2020;Mediana;Región de Atacama;291;13.438.559
2020;Mediana;Región de Magallanes y de la Antártica Chilena;275;12.477.473
2020;Pequeña;Sin Información;41;370.630
2020;Sin Ventas/Sin Información;Región de Valparaíso;23.955;0
2020;Grande;Región de Atacama;102;79.202.651
2020;Pequeña;Región de Los Ríos;3.643;25.246.048
